machine_no,machine_name,machine_category,machine_class,code
1,T-12コネクタージョイント機,スライド丁番,1,CAS0050
1,T-12コネクタージョイント機,スライド丁番,1,CAS0051
2,HR-KNランナー全自動車軸カシメ機,吊車,1,CDI0272
2,HR-KNランナー全自動車軸カシメ機,吊車,1,CDI0463
5,HR-290着脱ホルダー自動組立機,吊車,1,CDP0015
5,HR-290着脱ホルダー自動組立機,吊車,1,CDP0016
5,HR-290着脱ホルダー自動組立機,吊車,1,CDP0024
5,HR-290着脱ホルダー自動組立機,吊車,1,CDP0031
5,HR-290着脱ホルダー自動組立機,吊車,1,CDP0033
5,HR-290着脱ホルダー自動組立機,吊車,1,CDP0034
5,HR-290着脱ホルダー自動組立機,吊車,1,CDP0035
5,HR-290着脱ホルダー自動組立機,吊車,1,CDP0036
5,HR-290着脱ホルダー自動組立機,吊車,1,CDP0039
6,FA-1000組立機,戸車,1,CCP0035
6,FA-1000組立機,戸車,1,CCP0036
6,FA-1000組立機,戸車,1,CCP0037
6,FA-1000組立機,戸車,1,CCP0038
6,FA-1000組立機,戸車,1,CCP0040
6,FA-1000組立機,戸車,1,CCP0030
7,HD-35自動組立機,丁番,2,CBP0061
7,HD-35自動組立機,丁番,2,CBP0062
7,HD-35自動組立機,丁番,2,CBP0066
7,HD-35自動組立機,丁番,2,CBP0067
8,D丁双(N)組立機,スライド丁番,2,CAS0046
8,D丁双(N)組立機,スライド丁番,2,CAS0047
9,D丁双バネ装着機,スライド丁番,2,CAS0046
9,D丁双バネ装着機,スライド丁番,2,CAS0047
10,T-12組立専用機,スライド丁番,1,CAP0043
10,T-12組立専用機,スライド丁番,1,CAP0044
10,T-12組立専用機,スライド丁番,1,CAS0103
10,T-12組立専用機,スライド丁番,1,CAS0260
10,T-12組立専用機,スライド丁番,1,CAP0047
10,T-12組立専用機,スライド丁番,1,CAP0048
10,T-12組立専用機,スライド丁番,1,CAS0268
10,T-12組立専用機,スライド丁番,1,CAS0269
11,HR用ベアリング組立機,吊車,1,CDP0006
11,HR用ベアリング組立機,吊車,1,CII0001
12,CR(CRT)100兼用組立機,スライド丁番,2,CAP0047
12,CR(CRT)100兼用組立機,スライド丁番,2,CAP0048
12,CR(CRT)100兼用組立機,スライド丁番,2,CAS0268
12,CR(CRT)100兼用組立機,スライド丁番,2,CAS0269
12,CR(CRT)100兼用組立機,スライド丁番,2,CAS0103
12,CR(CRT)100兼用組立機,スライド丁番,2,CAS0260
13,スライド丁番Uピンカシメ抜け止め治具,スライド丁番,2,CAP0047
13,スライド丁番Uピンカシメ抜け止め治具,スライド丁番,2,CAP0048
13,スライド丁番Uピンカシメ抜け止め治具,スライド丁番,2,CAS0268
13,スライド丁番Uピンカシメ抜け止め治具,スライド丁番,2,CAS0269
14,HD-38組立機,丁番,2,CBP0051
14,HD-38組立機,丁番,2,CBP0052
14,HD-38組立機,丁番,2,CBP0050
14,HD-38組立機,丁番,2,CBP0044
15,HD-38ストッパー入機,丁番,2,CBP0051
15,HD-38ストッパー入機,丁番,2,CBP0052
15,HD-38ストッパー入機,丁番,2,CBP0050
15,HD-38ストッパー入機,丁番,2,CBP0044
16,NDT90・105組立機,スライド丁番,2,CAS0180
16,NDT90・105組立機,スライド丁番,2,CAS0181
16,NDT90・105組立機,スライド丁番,2,CAS0088
16,NDT90・105組立機,スライド丁番,2,CAS0101
16,NDT90・105組立機,スライド丁番,2,CAS0085
16,NDT90・105組立機,スライド丁番,2,CAS0182
17,DC100-14・SC105-14半自動バネ入れ機,スライド丁番,2,
18,5種類兼用バネ合せ自動機,スライド丁番,1,CAZ0004
18,5種類兼用バネ合せ自動機,スライド丁番,1,CAZ0025
18,5種類兼用バネ合せ自動機,スライド丁番,1,CAZ0063
18,5種類兼用バネ合せ自動機,スライド丁番,1,CAZ0599
18,5種類兼用バネ合せ自動機,スライド丁番,1,CAZ0708
19,HD-50ビス付・ストッパー入機,丁番,2,CBP0053
19,HD-50ビス付・ストッパー入機,丁番,2,CBP0045
19,HD-50ビス付・ストッパー入機,丁番,2,CBP0054
19,HD-50ビス付・ストッパー入機,丁番,2,CBP0055
20,FA-100(150)調整ネジ組付カシメ機,戸車,2,CCI0023
20,FA-100(150)調整ネジ組付カシメ機,戸車,2,CCP0032
20,FA-100(150)調整ネジ組付カシメ機,戸車,2,CCP0013
20,FA-100(150)調整ネジ組付カシメ機,戸車,2,CCP0023
21,HD-50組立機,丁番,2,CBP0053
21,HD-50組立機,丁番,2,CBP0045
21,HD-50組立機,丁番,2,CBP0054
21,HD-50組立機,丁番,2,CBP0055
22,FA-100(150)用車軸カシメ機,戸車,1,CCK0001
22,FA-100(150)用車軸カシメ機,戸車,1,CCK0023
22,FA-100(150)用車軸カシメ機,戸車,1,CCK0026
22,FA-100(150)用車軸カシメ機,戸車,1,CCP0024
22,FA-100(150)用車軸カシメ機,戸車,1,CCP0029
22,FA-100(150)用車軸カシメ機,戸車,1,CCP0034
22,FA-100(150)用車軸カシメ機,戸車,1,CCI0012
22,FA-100(150)用車軸カシメ機,戸車,1,CCI0014
22,FA-100(150)用車軸カシメ機,戸車,1,CCI0015
22,FA-100(150)用車軸カシメ機,戸車,1,CCK0025
22,FA-100(150)用車軸カシメ機,戸車,1,CDK0066
24,NTR油付機,スライド丁番,2,CAS0060
24,NTR油付機,スライド丁番,2,CAS0061
24,NTR油付機,スライド丁番,2,CAS0092
24,NTR油付機,スライド丁番,2,CAS0200
24,NTR油付機,スライド丁番,2,CAS0168
24,NTR油付機,スライド丁番,2,CAS0169
24,NTR油付機,スライド丁番,2,CAS0172
24,NTR油付機,スライド丁番,2,CAS0173
24,NTR油付機,スライド丁番,2,CAS0086
24,NTR油付機,スライド丁番,2,CAS0201
24,NTR油付機,スライド丁番,2,CAS0094
24,NTR油付機,スライド丁番,2,CAS0102
25,CRインセット・NTRの全種類ホルダー検査機,スライド丁番,2,CAS0060
25,CRインセット・NTRの全種類ホルダー検査機,スライド丁番,2,CAS0061
25,CRインセット・NTRの全種類ホルダー検査機,スライド丁番,2,CAS0092
25,CRインセット・NTRの全種類ホルダー検査機,スライド丁番,2,CAS0200
25,CRインセット・NTRの全種類ホルダー検査機,スライド丁番,2,CAS0168
25,CRインセット・NTRの全種類ホルダー検査機,スライド丁番,2,CAS0169
25,CRインセット・NTRの全種類ホルダー検査機,スライド丁番,2,CAS0172
25,CRインセット・NTRの全種類ホルダー検査機,スライド丁番,2,CAS0173
25,CRインセット・NTRの全種類ホルダー検査機,スライド丁番,2,CAS0086
25,CRインセット・NTRの全種類ホルダー検査機,スライド丁番,2,CAS0201
25,CRインセット・NTRの全種類ホルダー検査機,スライド丁番,2,CAS0094
25,CRインセット・NTRの全種類ホルダー検査機,スライド丁番,2,CAS0102
25,CRインセット・NTRの全種類ホルダー検査機,スライド丁番,2,CAS0157
25,CRインセット・NTRの全種類ホルダー検査機,スライド丁番,2,CAS0028
25,CRインセット・NTRの全種類ホルダー検査機,スライド丁番,2,CAS0162
25,CRインセット・NTRの全種類ホルダー検査機,スライド丁番,2,CAS0161
25,CRインセット・NTRの全種類ホルダー検査機,スライド丁番,2,CAS0160
25,CRインセット・NTRの全種類ホルダー検査機,スライド丁番,2,CAS0159
25,CRインセット・NTRの全種類ホルダー検査機,スライド丁番,2,CAS0164
25,CRインセット・NTRの全種類ホルダー検査機,スライド丁番,2,CAS0091
26,R2ホルダーネジ付機,スライド丁番,2,CAS0060
26,R2ホルダーネジ付機,スライド丁番,2,CAS0061
26,R2ホルダーネジ付機,スライド丁番,2,CAS0092
26,R2ホルダーネジ付機,スライド丁番,2,CAS0200
26,R2ホルダーネジ付機,スライド丁番,2,CAS0168
26,R2ホルダーネジ付機,スライド丁番,2,CAS0169
26,R2ホルダーネジ付機,スライド丁番,2,CAS0172
26,R2ホルダーネジ付機,スライド丁番,2,CAS0173
26,R2ホルダーネジ付機,スライド丁番,2,CAS0086
26,R2ホルダーネジ付機,スライド丁番,2,CAS0201
26,R2ホルダーネジ付機,スライド丁番,2,CAS0094
26,R2ホルダーネジ付機,スライド丁番,2,CAS0102
26,R2ホルダーネジ付機,スライド丁番,2,CAS0016
26,R2ホルダーネジ付機,スライド丁番,2,CAS0017
26,R2ホルダーネジ付機,スライド丁番,2,CAS0170
26,R2ホルダーネジ付機,スライド丁番,2,CAS0171
27,CR100半カブセ用全自動本体・ホルダージョイント機,スライド丁番,2,CAP0047
27,CR100半カブセ用全自動本体・ホルダージョイント機,スライド丁番,2,CAP0048
27,CR100半カブセ用全自動本体・ホルダージョイント機,スライド丁番,2,CAS0268
27,CR100半カブセ用全自動本体・ホルダージョイント機,スライド丁番,2,CAS0269
27,CR100半カブセ用全自動本体・ホルダージョイント機,スライド丁番,2,CAS0040
27,CR100半カブセ用全自動本体・ホルダージョイント機,スライド丁番,2,CAS0041
27,CR100半カブセ用全自動本体・ホルダージョイント機,スライド丁番,2,CAS0271
27,CR100半カブセ用全自動本体・ホルダージョイント機,スライド丁番,2,CAS0270
27,CR100半カブセ用全自動本体・ホルダージョイント機,スライド丁番,2,CAP0049
27,CR100半カブセ用全自動本体・ホルダージョイント機,スライド丁番,2,CAZ0075
27,CR100半カブセ用全自動本体・ホルダージョイント機,スライド丁番,2,CAZ0081
27,CR100半カブセ用全自動本体・ホルダージョイント機,スライド丁番,2,CAI0295
28,調整付パントリーネジ付機,丁番,1,CBP0019
28,調整付パントリーネジ付機,丁番,1,CBP0024
28,調整付パントリーネジ付機,丁番,1,CBP0060
29,CR用全自動(4H・9H)ベース中間コネクタージョイント機,スライド丁番,1,CAS0018
29,CR用全自動(4H・9H)ベース中間コネクタージョイント機,スライド丁番,1,CAP0052
29,CR用全自動(4H・9H)ベース中間コネクタージョイント機,スライド丁番,1,CAP0053
29,CR用全自動(4H・9H)ベース中間コネクタージョイント機,スライド丁番,1,CAP0054
29,CR用全自動(4H・9H)ベース中間コネクタージョイント機,スライド丁番,1,CAS0024
29,CR用全自動(4H・9H)ベース中間コネクタージョイント機,スライド丁番,1,CAP0055
29,CR用全自動(4H・9H)ベース中間コネクタージョイント機,スライド丁番,1,CAP0056
29,CR用全自動(4H・9H)ベース中間コネクタージョイント機,スライド丁番,1,CAP0060
29,CR用全自動(4H・9H)ベース中間コネクタージョイント機,スライド丁番,1,CAS0020
29,CR用全自動(4H・9H)ベース中間コネクタージョイント機,スライド丁番,1,CAS0024
29,CR用全自動(4H・9H)ベース中間コネクタージョイント機,スライド丁番,1,CAS0044
30,RLK中間コネクタージョイント機,スライド丁番,1,CAS0054
31,SC105-9・18兼用自動組立機,スライド丁番,1,CAP0063
31,SC105-9・18兼用自動組立機,スライド丁番,1,CAP0064
31,SC105-9・18兼用自動組立機,スライド丁番,1,CAS0157
31,SC105-9・18兼用自動組立機,スライド丁番,1,CAS0028
31,SC105-9・18兼用自動組立機,スライド丁番,1,CAS0162
31,SC105-9・18兼用自動組立機,スライド丁番,1,CAS0161
31,SC105-9・18兼用自動組立機,スライド丁番,1,CAS0160
31,SC105-9・18兼用自動組立機,スライド丁番,1,CAS0159
31,SC105-9・18兼用自動組立機,スライド丁番,1,CAS0164
31,SC105-9・18兼用自動組立機,スライド丁番,1,CAS0091
31,SC105-9・18兼用自動組立機,スライド丁番,1,CAZ0102
32,D丁双全自動タップ機,スライド丁番,1,CAP0057
32,D丁双全自動タップ機,スライド丁番,1,CAP0062
33,Aバ4号機,スライド丁番,2,CAS0093
35,Aバ3号機,スライド丁番,2,
36,AFD固定カップ全自動カシメ機,吊車,2,CDK0067
37,AFD210～220ホルダーリング圧入機,吊車,2,CDJ0082
38,0用手並べ注油機,スライド丁番,2,
39,FA-200用全自動ベアリング組立機,戸車,1,CCP0012
39,FA-200用全自動ベアリング組立機,戸車,1,CCP0022
39,FA-200用全自動ベアリング組立機,戸車,1,CCP0018
41,HD-83組立機,丁番,2,CBP0042
41,HD-83組立機,丁番,2,CBP0043
43,DYL・SYL座全自動ネジ付機,スライド丁番,1,CAS0010
43,DYL・SYL座全自動ネジ付機,スライド丁番,1,CAS0013
43,DYL・SYL座全自動ネジ付機,スライド丁番,1,CAS0029
43,DYL・SYL座全自動ネジ付機,スライド丁番,1,CAP0059
43,DYL・SYL座全自動ネジ付機,スライド丁番,1,CAP0058
44,3次元調整丁双用座半自動組立機,丁番,2,CBI0041
44,3次元調整丁双用座半自動組立機,丁番,2,CBI0044
44,3次元調整丁双用座半自動組立機,丁番,2,CBI0038
44,3次元調整丁双用座半自動組立機,丁番,2,CBI0403
44,3次元調整丁双用座半自動組立機,丁番,2,CBI0040
44,3次元調整丁双用座半自動組立機,丁番,2,CBI0043
44,3次元調整丁双用座半自動組立機,丁番,2,CBI0037
45,89-3次元丁双扉側座組立機,丁番,2,CBP0063
45,89-3次元丁双扉側座組立機,丁番,2,CBP0064
45,89-3次元丁双扉側座組立機,丁番,2,CBP0065
46,4種類兼用油付機,スライド丁番,2,CAS0180
47,DT90組立機,スライド丁番,2,CAS0181
47,DT90組立機,スライド丁番,2,CAS0088
47,DT90組立機,スライド丁番,2,CAS0101
47,DT90組立機,スライド丁番,2,CAS0085
47,DT90組立機,スライド丁番,2,CAS0182
48,DCYK・DCLK・DCFKネジ付機,スライド丁番,2,CAS0032
48,DCYK・DCLK・DCFKネジ付機,スライド丁番,2,CAS0015
49,HR-890自動組立機,吊車,1,CDP0037
49,HR-890自動組立機,吊車,1,CDP0038
49,HR-890自動組立機,吊車,1,CDP0040
49,HR-890自動組立機,吊車,1,CDI0471
50,AFD-2950自動組立機,吊車,1,CDP0041
50,AFD-2950自動組立機,吊車,1,CDP0042
50,AFD-2950自動組立機,吊車,1,CDP0043
50,AFD-2950自動組立機,吊車,1,CDP0044
50,AFD-2950自動組立機,吊車,1,CDP0045
50,AFD-2950自動組立機,吊車,1,CDP0046
50,AFD-2950自動組立機,吊車,1,CDP0027
50,AFD-2950自動組立機,吊車,1,CDP0028
50,AFD-2950自動組立機,吊車,1,CDP0029
50,AFD-2950自動組立機,吊車,1,CDP0019
50,AFD-2950自動組立機,吊車,1,CDP0020
50,AFD-2950自動組立機,吊車,1,CDP0021
906,C-14組立機,スライド丁番,2,CAS0264
906,C-14組立機,スライド丁番,2,CAS0265
919,DC150組立機,スライド丁番,2,CAS0066
919,DC150組立機,スライド丁番,2,CAS0067
922,PY105(N住)組立機,スライド丁番,2,CAS0251
925,GN100組立機,スライド丁番,2,CAS0071
925,GN100組立機,スライド丁番,2,CAS0072
925,GN100組立機,スライド丁番,2,CAS0211
930,DT105組立機,スライド丁番,2,CAS0052
930,DT105組立機,スライド丁番,2,CAS0185
930,DT105組立機,スライド丁番,2,CAS0087
930,DT105組立機,スライド丁番,2,CAS0100
930,DT105組立機,スライド丁番,2,CAS0183
930,DT105組立機,スライド丁番,2,CAS0184
S001,セッター,,3,
M004,DCカップ 穴あけ機2,スライド丁番,5,
M039,SYL座 自動タップ機,スライド丁番,5,
M054,AFD210・200ホルダー 自動タップ機,吊車,5,
M070,5種兼用芯棒 ダボ出し機,丁番,5,
M074,2mm下羽根 直タップ機,丁番,5,
M075,2mm上羽根 儀星圧入機,丁番,5,
M080,CRレバー 全自動穴あけ機,スライド丁番,5,
M085,FA200(100)100用板ナット 全自動タップ機,戸車,5,CAZ0087
M088,全自動 Uピン制作機 (SC用),スライド丁番,5,
M127,T-12ホルダー用 全自動タップ機,スライド丁番,5,CAL0077
M131,住林向調整丁双 儀星圧入・直タップ兼用機,丁番,5,
M132,3次元調整丁双用板ナット 半自動タップ機,丁番,5,
M133,3次元調整丁双用スライダー 半自動タップ機,丁番,5,
M138,Bリンク成形機 5号機,スライド丁番,5,
M140,Bリンク成形機(新) DC・SC用,スライド丁番,5,
M141,CR用ホルダー 全自動タップ機 No.2,スライド丁番,5,
M201,調整付パントリー 自動タップ機,,5,
M213,3次元調整丁双軸 ダボ出し機,丁番,5,
M301,CRベース 4種類兼用タップ機,スライド丁番,5,
M311,全自動 Uピン制作機 (DC用),スライド丁番,5,CAZ0085
M314,HRランナー丸穴歯車 自動タップ機,吊車,5,CDL0004
M319,89 3次元丁双裏フタ 全自動タップ機,スライド丁番,5,
M320,89 3次元丁双裏スライダー 全自動タップ機,スライド丁番,5,
M501,Bリンク成形機(新) 2号機,スライド丁番,5,
M515,T-12コネクター角ナット タップ機,スライド丁番,5,CAL0079
M516,HR-310-N板ナット 自動タップ機,吊車,5,COL0033
M524,HR(MEW)吊ボルト 1穴、2穴 自動加工機,吊車,5,FJZ0001
M524,HR(MEW)吊ボルト 1穴、2穴 自動加工機,吊車,5,FJZ0002
T000,タッピングマシン,,5,CDL0029
T000,タッピングマシン,,5,CDL0035
T000,タッピングマシン,,5,CML0007
T000,タッピングマシン,,5,CML0011
B000,ボール盤,,5,FAZ0009
P001,アイダ200t,,4,CBA0010
P001,アイダ200t,,4,CBA0012
P001,アイダ200t,,4,CBA0024
P001,アイダ200t,,4,CBA0026
P001,アイダ200t,,4,CBA0099
P001,アイダ200t,,4,CBA0101
P001,アイダ200t,,4,CBA0103
P001,アイダ200t,,4,CBA0105
P001,アイダ200t,,4,CBA0147
P001,アイダ200t,,4,CBA0149
P002,アイダ160t,,4,CAA0063
P002,アイダ160t,,4,CAA0101
P003,アイダ110t,,4,CAA0092
P003,アイダ110t,,4,CAA0096
P003,アイダ110t,,4,CAA0098
P003,アイダ110t,,4,CAA0099
P003,アイダ110t,,4,CAA0136
P003,アイダ110t,,4,CAA0137
P003,アイダ110t,,4,CAA0139
P004,アイダ80t No.1,,4,CAA0141
P005,アイダ80t No.2,,4,CAA0142
P006,アイダ80t No.3,,4,CAA0124
P006,アイダ80t No.3,,4,CAA0102
P007,アマダ60t,,4,CEA0017
